id,gender,state,car_make,car_model,car_year,previous_rent_times,username,password
1,Male,Texas,BMW,M3,1998,18,johndoe1,password
2,Female,South Carolina,Chrysler,300,1999,30,janedoe1,password
3,Female,Colorado,Honda,Accord,1992,61,janedoe2,password
4,Male,Arkansas,Acura,Legend,1988,62,johndoe2,password
5,Female,Texas,Isuzu,Amigo,1994,67,janedoe3,password
6,Female,Connecticut,GMC,Yukon XL 2500,2007,53,janedoe4,password
7,Female,Pennsylvania,Pontiac,Montana SV6,2005,61,janedoe5,password
8,Female,District of Columbia,Audi,R8,2012,67,janedoe6,password
9,Male,New York,Chevrolet,S10,1992,79,johndoe3,password
10,Male,New York,Maserati,Quattroporte,2010,91,johndoe4,password
11,Female,Kentucky,Ford,ZX2,2002,34,janedoe7,password
12,Male,Pennsylvania,Porsche,911,1999,89,johndoe5,password
13,Male,Alabama,Infiniti,G,2008,6,johndoe6,password
14,Male,Florida,Land Rover,Freelander,2004,95,johndoe7,password
15,Male,Texas,Nissan,Sentra,2012,16,johndoe8,password
16,Female,California,Dodge,Grand Caravan,2007,45,janedoe8,password
17,Male,North Carolina,BMW,3 Series,1999,71,johndoe9,password
18,Female,Kentucky,Mercedes-Benz,SLK-Class,2011,92,janedoe9,password
19,Male,Florida,Acura,Legend,1989,47,johndoe10,password
20,Female,Florida,Suzuki,Samurai,1994,93,janedoe10,password
21,Male,California,Bentley,Continental GTC,2009,20,johndoe11,password
22,Male,Florida,Nissan,Frontier,2001,92,johndoe12,password
23,Female,Florida,Mercury,Lynx,1986,6,janedoe11,password
24,Male,Texas,Jeep,Wrangler,2001,59,johndoe13,password
25,Female,New York,Toyota,Camry,2004,53,janedoe12,password
26,Female,Oklahoma,Volvo,850,1995,29,janedoe13,password
27,Female,Texas,Porsche,Boxster,2003,66,janedoe14,password
28,Female,Oregon,Mazda,CX-7,2012,96,janedoe15,password
29,Male,California,BMW,X6,2013,90,johndoe13,password
30,Male,Tennessee,Ford,Escort,2002,48,johndoe14,password
31,Male,Arizona,Chevrolet,Camaro,1995,72,johndoe15,password
32,Female,Washington,Volkswagen,GTI,1991,35,janedoe16,password
33,Male,Oklahoma,Subaru,Legacy,2010,13,johndoe16,password
34,Male,Maryland,Chrysler,Town & Country,1998,12,johndoe17,password
35,Male,Kentucky,Infiniti,G35,2006,29,johndoe19,password
36,Female,California,GMC,Envoy,1998,8,janedoe17,password
37,Male,Missouri,Maserati,Spyder,2003,11,johndoe19,password
38,Female,Texas,Volkswagen,Touareg,2007,28,janedoe18,password
39,Female,North Carolina,Volkswagen,New Beetle,2008,83,janedoe19,password
40,Male,New York,Isuzu,Amigo,1994,44,johndoe20,password
41,Female,Indiana,BMW,M5,2006,79,janedoe20,password
42,Female,California,Pontiac,Fiero,1985,87,janedoe21,password
43,Female,Alabama,Ford,Thunderbird,2006,41,janedoe22,password
44,Female,California,Land Rover,Freelander,2005,56,janedoe23,password
45,Male,Tennessee,Pontiac,Grand Prix,1971,88,johndoe21,password
46,Female,Georgia,Isuzu,Stylus,1993,14,janedoe24,password
47,Female,Michigan,Land Rover,Discovery,2000,80,janedoe25,password
48,Female,Texas,Honda,CR-Z,2012,54,janesmith1,password
49,Male,Tennessee,Toyota,Sequoia,2001,5,johndoe22,password
50,Female,Wyoming,Acura,Legend,1987,15,janesmith2,password
51,Male,Connecticut,Mazda,MX-5,2010,54,johndoe23,password
52,Female,Tennessee,GMC,Envoy XL,2004,64,janesmith3,password
53,Female,Oregon,Chevrolet,Express 2500,2005,47,janesmith4,password
54,Male,Florida,Mitsubishi,Lancer,2006,14,johndoe24,password
55,Male,Indiana,Saab,900,1992,71,johndoe25,password
56,Female,Iowa,Chrysler,Concorde,2003,81,janesmith5,password
57,Male,Illinois,Ford,Ranger,2004,8,johnsmith1,password
58,Male,District of Columbia,Cadillac,CTS-V,2011,5,johnsmith2,password
59,Female,Pennsylvania,Hummer,H3,2010,23,janesmith6,password
60,Female,North Carolina,Nissan,240SX,1994,64,janesmith7,password
61,Male,Indiana,Honda,Civic,2001,1,johnsmith3,password
62,Male,Florida,Hummer,H3,2010,93,johnsmith4,password
63,Male,Alabama,Toyota,Tacoma,2002,63,johnsmith5,password
64,Male,Georgia,Mercury,Montego,2006,94,johnsmith6,password
65,Male,Texas,Mitsubishi,Galant,1988,43,johnsmith7,password
66,Male,Idaho,Hyundai,Veloster,2012,67,johnsmith8,password
67,Female,Texas,GMC,Suburban 2500,1998,87,janesmith8,password
68,Male,Virginia,Subaru,Legacy,2005,88,johnsmith9,password
69,Female,Florida,Saturn,L-Series,2000,5,janesmith9,password
70,Male,Missouri,Volvo,S80,2010,28,johnsmith10,password
71,Female,Kansas,Land Rover,Discovery,1999,46,janesmith10,password
72,Male,Texas,Chevrolet,Corvette,1965,82,johnsmith11,password
73,Female,California,Ford,F250,2008,5,janesmith11,password
74,Female,California,Kia,Optima,2012,54,janesmith12,password
75,Female,Florida,Mitsubishi,Montero,2002,74,janesmith13,password
76,Male,Texas,Chrysler,Sebring,2002,35,johnsmith12,password
77,Male,Massachusetts,Buick,Century,1991,83,johnsmith13,password
78,Female,Florida,Mitsubishi,Eclipse,1996,31,janesmith14,password
79,Female,New York,Ford,EXP,1986,32,janesmith15,password
80,Male,Massachusetts,Chevrolet,Lumina,1992,53,johnsmith14,password
81,Male,Minnesota,Ford,Escape,2000,49,johnsmith15,password
82,Female,Illinois,Ford,Fiesta,2012,85,rando1,password
83,Female,Louisiana,GMC,1500 Club Coupe,1997,4,rando2,password
84,Female,Pennsylvania,Cadillac,XLR,2004,75,rando3,password
85,Female,Kansas,Toyota,Avalon,2005,8,rando4,password
86,Male,Georgia,Hyundai,Elantra,2012,79,rando5,password
87,Female,Louisiana,Audi,Quattro,1993,87,rando6,password
88,Male,Texas,Subaru,Outback,2010,7,rando7,password
89,Female,District of Columbia,Lamborghini,Gallardo,2007,91,rando8,password
90,Female,Arkansas,Ford,Tempo,1988,17,rando9,password
91,Male,California,Suzuki,Swift,1989,96,rando10,password
92,Male,Ohio,Mitsubishi,Galant,1993,98,rando11,password
93,Female,District of Columbia,GMC,Jimmy,1995,13,rando12,password
94,Male,Texas,BMW,3 Series,1992,83,rando13,password
95,Female,Tennessee,Ford,E350,2012,67,rando14,password
96,Male,Utah,Lexus,LS,1998,42,rando15,password
97,Male,District of Columbia,Isuzu,Amigo,1994,93,rando16,password
98,Female,Georgia,Oldsmobile,Bravada,1999,49,rando17,password
99,Female,Florida,Buick,Rendezvous,2005,8,rando18,password
100,Female,Indiana,Mercedes-Benz,CL-Class,2000,61,rando19,password
